{
  "grandTotal": 22080674.986676,
  "monthly": [
    {
      "month": "25년12월",
      "totalCost": 22080674.986676
    }
  ]
}